student_id,fname,lname,date_of_birth,gender,address,phone,email,enrollment_date,program,year_of_study,emergency_contact
1234567890,ELPINIKI,MAYRIDI,1998-05-12, female,Karlovasi,6981234567,eleni@gmail.com,2016-09-15,proptixiako,7,2273035000
0987456321,MARIA,MAGDALINI,2003-12-08,female,Karlovasi,1236457890,mariamario@gmail.com,2021-09-17, proptixiako,3,2273140000
7481592630,KOSTANTINOS,GEORGOPOULOS,1997-08-14,male,Bathi,1472589630,kostas@gmail.com,2016-09-16, proptixiako,8,2273036549
0898765432,EIRINI,PAPADOPOULOU,1998-05-27,female,KALAMPAXTAS,1232145678,eirini@gmail.com,2016-09-17,metaptixiako,1,2273145678
1234543216,GEORGIA,GEORGAKOU,1998-08-16,female,KONTAKAIKA,0987654321,georgia@gmail.com,2021-09-16,proptixiako,7,2273123456
